Name,Balls,Maidens,Runs,Wickets,Best_Bowling,Average,5_Wicket_Hauls,10_Wicket_Hauls,Strike_Rate,Economy
Aaron James Finch,203,0,318,6,1-9,53,0,0,33.83,9.39
Aavishkar Madhav Salvi,389,0,527,18,3-28,29.27,0,0,21.61,8.12
Abhimanyu Mithun,834,0,1149,41,5-37,28.02,0,1,20.34,8.26
Abhinav Mukund,105,0,101,11,3-22,9.18,0,0,9.54,5.77
Abhishek Arunkumar Jhunjhunwala,121,0,172,3,1-5,57.33,0,0,40.33,8.52
Abhishek Mohan Nayar,553,0,770,22,3-13,35,0,0,25.13,8.35
Abhishek Santosh Raut,152,0,215,9,3-22,23.88,0,0,16.88,8.48
Abrar Anjum Kazi,66,0,91,2,2-25,45.5,0,0,33,8.27
Abu Nachim Ahmed,1051,2,1364,48,4-21,28.41,1,0,21.89,7.78
Adam Charles Voges,542,0,718,26,2-4,27.61,0,0,20.84,7.94
Adam Craig Gilchrist,1,0,0,1,1-0,0,0,0,1,0
Adam Fraser Milne,1200,7,1543,64,4-37,24.1,1,0,18.75,7.71
Adam John Hollioake,385,0,515,40,5-21,12.87,2,2,9.62,8.02
Adam Zampa,1083,0,1264,64,6-19,19.75,0,1,16.92,7
Aditya Pradeep Dole,66,0,112,5,2-36,22.4,0,0,13.2,10.18
Adrian Dimitri Mascarenhas,2647,8,3133,152,5-14,20.61,1,2,17.41,7.1
Aiden Craig Blizzard,6,0,10,0,0-10,NA,NA,NA,NA,10
Ajinkya Madhukar Rahane,6,0,5,1,1-5,5,0,0,6,5
Ajit Bhalchandra Agarkar,1172,1,1608,47,3-25,34.21,0,0,24.93,8.23
Ajit Chandila,472,0,497,24,4-13,20.7,1,0,19.66,6.31
Akashdeep Deependra Nath,126,0,168,8,3-20,21,0,0,15.75,8
Akshar Rajeshbhai Patel,1522,2,1752,69,4-21,25.39,1,0,22.05,6.9
Alfonso Clive Thomas,4558,15,5739,263,5-24,21.82,4,1,17.33,7.55
Ali Ghulam Murtaza,654,1,761,32,3-9,23.78,0,0,20.43,6.98
Amit Mishra,3569,10,4183,199,5-17,21.02,4,2,17.93,7.03
Amit Singh,628,3,805,34,4-19,23.67,1,0,18.47,7.69
Amit Uniyal,60,0,88,5,3-22,17.6,0,0,12,8.8
Ammana Ashish Reddy,826,2,1079,53,4-22,20.35,1,0,15.58,7.83
Anand Rajan,689,1,784,47,4-26,16.68,1,0,14.65,6.82
Andre Dwayne Russell,3779,4,5122,201,4-11,25.48,7,0,18.8,8.13
Andre Nel,1240,4,1394,37,2-13,37.67,0,0,33.51,6.74
Andrew Barry McDonald,1470,0,1887,82,5-13,23.01,1,1,17.92,7.7
Andrew Flintoff,657,0,827,39,4-12,21.2,1,0,16.84,7.55
Andrew Symonds,1237,1,1657,52,5-18,31.86,0,1,23.78,8.03
Angelo Davis Mathews,1933,5,2343,78,4-19,30.03,1,0,24.78,7.27
Anil Kumble,1245,1,1389,57,5-5,24.36,2,1,21.84,6.69
Ankeet Anil Chavan,476,0,633,19,4-29,33.31,1,0,25.05,7.97
Ankit Nagendra Sharma,799,0,975,33,3-18,29.54,0,0,24.21,7.32
Ankitsingh Rajpoot,439,1,533,25,3-15,21.32,0,0,17.56,7.28
Asadullah Khan Pathan,39,0,63,0,0-14,NA,NA,NA,NA,9.69
Ashish Nehra,2586,3,3283,146,4-10,22.48,2,0,17.71,7.61
Ashley Allan Noffke,634,2,789,38,3-18,20.76,0,0,16.68,7.46
Ashok Bhimchandra Dinda,2305,4,2924,117,4-13,24.99,3,0,19.7,7.61
Ashok Lakshminarayan Menaria,445,0,483,17,3-19,28.41,0,0,26.17,6.51
Azhar Mahmood Sagar,4825,10,6143,258,5-24,23.81,3,1,18.7,7.63
Balachandra Akhil,535,1,638,24,3-16,26.58,0,0,22.29,7.15
Balapuwaduge Ajantha Winslo Mendis,2617,6,3008,159,6-8,18.91,5,2,16.45,6.89
Balapuwaduge Manukulasuriya Amith Jeewan Mendis,1092,1,1307,61,4-14,21.42,2,0,17.9,7.18
Barinder Sran,519,1,671,28,4-10,23.96,1,0,18.53,7.75
Ben James Rohrer,6,0,12,0,0-12,NA,NA,NA,NA,12
Ben Laughlin,1846,4,2393,109,6-28,21.95,1,1,16.93,7.77
Ben Robert Dunk,12,0,21,0,0-10,NA,NA,NA,NA,10.5
Benjamin Colin James Cutting,1047,1,1468,47,3-25,31.23,0,0,22.27,8.41
Benjamin William Hilfenhaus,1666,7,2083,96,4-27,21.69,1,0,17.35,7.5
Beuran Eric Hendricks,876,3,1203,61,6-29,19.72,1,1,14.36,8.23
Bharat Chipli,24,0,44,1,1-24,44,0,0,24,11
Bhargav Ashokbhai Bhatt,684,0,874,41,4-22,21.31,1,0,16.68,7.66
Bhuvneshwar Kumar Singh,2229,8,2623,108,4-14,24.28,2,0,20.63,7.06
Biplab Bipin Samantray,539,0,571,22,3-9,25.95,0,0,24.5,6.35
Bipul Sharma,1096,0,1195,57,4-28,20.96,1,0,19.22,6.54
Bodapati Apparao Sumanth,24,0,35,0,0-5,NA,NA,NA,NA,8.75
Bradley John Hodge,1110,0,1443,65,4-13,22.2,3,0,17.07,7.8
Brett Geeves,302,0,461,19,4-30,24.26,1,0,15.89,9.15
Brett Lee,2706,9,3258,109,4-28,29.88,1,0,24.82,7.22
Cameron Leon White,484,0,708,26,4-10,27.23,1,0,18.61,8.77
Carlos Ricardo Brathwaite,1093,2,1367,48,4-23,28.47,1,0,22.77,7.5
Chamara Kantha Kapugedera,112,0,162,7,3-14,23.14,0,0,16,8.67
Chandrasekharan Ganapathy,496,2,531,33,4-12,16.09,1,0,15.03,6.42
Charl Kenneth Langeveldt,2332,5,2962,138,5-16,21.46,4,1,16.89,7.62
Chetanya Nanda,366,0,422,18,2-17,23.44,0,0,20.33,6.91
Christopher Austin Lynn,78,0,93,3,2-15,31,0,0,26,7.15
Christopher Henry Gayle,1864,0,2343,77,4-22,30.42,2,0,24.2,7.54
Christopher Henry Morris,2614,8,3315,150,4-9,22.1,5,0,17.42,7.6
Christopher James Jordan,1219,0,1756,61,4-11,28.78,2,0,19.98,8.64
Clinton James McKay,2061,5,2696,117,4-24,23.04,3,0,17.61,7.84
Colin Alexander Ingram,272,1,342,15,4-32,22.8,1,0,18.13,7.54
Colin Munro,286,0,462,12,2-26,38.5,0,0,23.83,9.69
Congenige Randhi Dilhara Fernando,1187,5,1544,74,5-17,20.86,4,1,16.04,7.8
Corey James Anderson,564,0,805,24,2-17,33.54,0,0,23.5,8.56
Dale Willem Steyn,3975,11,4423,201,4-9,22,4,0,19.77,6.67
Daniel Joseph Harris,400,0,517,21,3-18,24.61,0,0,19.04,7.75
Daniel Luca Vettori,3236,3,3424,131,4-20,26.13,1,0,24.7,6.34
Daniel Trevor Christian,2816,1,3890,130,5-26,29.92,3,1,21.66,8.28
Darren Julius Garvey Sammy,3054,1,3942,146,5-26,27,2,1,20.91,7.74
Darren Scott Lehmann,228,0,256,11,3-19,23.27,0,0,20.72,6.73
David Andrew Miller,18,0,31,0,0-7,NA,NA,NA,NA,10.33
David Andrew Warner,6,0,13,0,0-13,NA,NA,NA,NA,13
David Johan Jacobs,6,0,14,0,0-14,NA,NA,NA,NA,14
David John Hussey,1438,2,1792,68,3-25,26.35,0,0,21.14,7.47
David Wiese,1821,0,2506,109,5-19,22.99,3,3,16.7,8.25
Deepak Hooda,277,0,353,7,3-23,50.42,0,0,39.57,7.64
Deepak Lokandersingh Chahar,234,1,316,6,2-32,52.66,0,0,39,8.1
Demuni Nuwan Tharanga Zoysa,324,0,376,21,4-10,17.9,2,0,15.42,6.96
Denagamage Proboth Mahela de Silva Jayawardene,69,0,82,3,2-22,27.33,0,0,23,7.13
Dharaka Bhanidipati Ravi Teja,108,1,150,4,1-0,37.5,0,0,27,8.33
Dhawal Sunil Kulkarni,1936,8,2486,104,4-14,23.9,1,0,18.61,7.7
Dillon du Preez,1574,11,1921,78,4-25,24.62,1,0,20.17,7.32
Dinesh Salunkhe,48,0,78,1,1-21,78,0,0,48,9.75
Dirk Peter Nannes,4624,9,5719,257,5-31,22.25,7,2,17.99,7.42
Doddapaneni Kalyankrishna,240,0,353,11,4-16,32.09,1,0,21.81,8.82
Dominic John Thornely,533,0,685,28,4-22,24.46,1,0,19.03,7.71
Domnic Joseph Muthuswami,425,0,532,22,3-33,24.18,0,0,19.31,7.51
Douglas Andrew John Bracewell,797,0,1168,52,3-21,22.46,0,0,15.32,8.79
Douglas Erwin Bollinger,2596,6,3346,134,4-13,24.97,1,0,19.37,7.73
Dwayne John Bravo,6239,2,8407,344,5-23,24.43,8,1,18.13,8.08
Dwayne Romel Smith,1992,3,2609,99,4-8,26.35,2,0,20.12,7.85
Faiz Yakub Fazal,144,0,177,10,2-17,17.7,0,0,14.4,7.37
Farhaan Behardien,114,0,176,5,2-15,35.2,0,0,22.8,9.26
Fidel Henderson Edwards,1778,4,2246,84,5-22,26.73,1,1,21.16,7.57
Francois du Plessis,790,0,917,50,5-19,18.34,1,2,15.8,6.96
Gade Hanuma Vihari,240,0,274,16,3-21,17.12,0,0,15,6.85
Gagandeep Singh Toor,306,1,370,12,2-21,30.83,0,0,25.5,7.25
George Bradley Hogg,2645,3,3003,125,4-9,24.02,5,0,21.16,6.81
George John Bailey,12,0,24,0,0-24,NA,NA,NA,NA,12
Glenn Donald McGrath,432,2,492,20,4-29,24.6,1,0,21.6,6.83
Glenn James Maxwell,1425,1,1880,53,3-13,35.47,0,0,26.88,7.91
Graeme Craig Smith,96,0,148,4,3-23,37,0,0,24,9.25
Graham Richard Napier,2905,7,3831,164,4-10,23.35,2,0,17.71,7.91
Gurinder Singh Sandhu,540,1,701,23,3-19,30.47,0,0,23.47,7.78
Gurkeerat Singh Mann,120,0,148,6,2-15,24.66,0,0,20,7.4
Harbhajan Singh,4302,12,4811,190,5-18,25.32,3,1,22.64,6.7
Hardik Himanshu Pandya,1009,4,1285,45,3-7,28.55,0,0,22.42,7.64
Harmeet Singh Baddhan,24,0,34,1,1-34,34,0,0,24,8.5
Harmeet Singh Bansal,594,0,773,27,3-24,28.62,0,0,22,7.8
Harpreet Singh Bhatia,126,1,113,6,2-15,18.83,0,0,21,5.38
Harshal Vikrambhai Patel,1211,2,1545,55,3-35,28.09,0,0,22.01,7.65
Hashim Mahomed Amla,2,0,5,0,0-1,NA,NA,NA,NA,15
Hewa Kaluhalmullage Suraj Randiv Kaluhalamulla,1116,0,1380,57,4-25,24.21,1,0,19.57,7.41
Irfan Khan Pathan,3283,13,4123,161,5-13,25.6,2,1,20.39,7.53
Ishan Malhotra,96,0,134,4,2-14,33.5,0,0,24,8.37
Ishank Rajiv Jaggi,73,0,83,2,1-13,41.5,0,0,36.5,6.82
Ishant Sharma,2239,3,2932,84,5-12,34.9,1,1,26.65,7.85
Ishwar Chand Pandey,900,5,1084,43,4-20,25.2,1,0,20.93,7.22
Ishwar Haribhai Chaudhary,136,1,187,9,3-31,20.77,0,0,15.11,8.25
Jacob David Philip Oram,1839,5,2406,81,5-14,29.7,0,1,22.7,7.84
Jacques Henry Kallis,2747,7,3482,114,4-15,30.54,2,0,24.09,7.6
Jagadeesha Suchith,432,1,564,18,3-2,31.33,0,0,24,7.83
Jagrit Anand,19,0,34,0,0-9,NA,NA,NA,NA,10.73
Jalaj Sahay Saxena,611,1,714,32,5-16,22.31,1,1,19.09,7.01
Jamaluddin Syed Mohammad,750,0,949,35,3-15,27.11,0,0,21.42,7.59
James Douglas Sheehan Neesham,991,1,1425,57,4-35,25,1,0,17.38,8.62
James Edward Charles Franklin,2123,0,2931,96,5-21,30.53,1,1,22.11,8.28
James Peter Faulkner,2792,8,3662,158,5-16,23.17,1,3,17.67,7.86
James Redfern Hopes,1702,1,2255,67,3-23,33.65,0,0,25.4,7.94
Jaskaran Singh Butta,275,0,371,12,2-17,30.91,0,0,22.91,8.09
Jason Omar Holder,1373,3,1737,54,4-27,32.16,1,0,25.42,7.59
Jasprit Jasbirsingh Bumrah,1832,7,2209,95,3-10,23.25,0,0,19.28,7.23
Jayant Yadav,502,0,500,15,3-10,33.33,0,0,33.46,5.97
Jaydev Dipakbhai Unadkat,1386,0,1735,78,5-25,22.24,0,1,17.76,7.51
Jean-Paul Duminy,1514,0,1904,67,4-17,28.41,3,0,22.59,7.54
Jerome Everton Taylor,1546,4,2002,87,5-10,23.01,1,1,17.77,7.76
Jesse Daniel Ryder,915,2,1200,33,5-27,36.36,0,1,27.72,7.86
Joginder Sharma,1123,4,1345,55,4-14,24.45,1,0,20.41,7.18
Johan Botha,3672,4,3931,146,4-16,26.92,2,0,25.15,6.42
Johannes Albertus Morkel,4697,8,5999,230,4-25,26.08,3,0,20.42,7.66
Johannes Jacobus van der Wath,2185,3,2763,108,4-24,25.58,1,0,20.23,7.58
John Wayne Hastings,1718,2,2169,96,4-26,22.59,2,0,17.89,7.57
Juan Theron,2586,2,3110,135,4-27,23.03,3,0,19.15,7.21
Justin Miles Kemp,1016,0,1272,56,3-12,22.71,0,0,18.14,7.51
Kamran Khan,208,0,300,12,3-18,25,0,0,17.33,8.65
Kane Stuart Williamson,716,1,844,27,3-33,31.25,0,0,26.51,7.07
Kane William Richardson,1184,3,1581,61,3-9,25.91,0,0,19.4,8.01
Karan Goel,193,0,226,10,4-13,22.6,1,0,19.3,7.02
Karanveer Singh,302,0,451,18,4-15,25.05,2,0,16.77,8.96
Karn Vinod Sharma,1483,1,1843,69,5-24,26.71,1,1,21.49,7.45
Karun Kaladharan Nair,48,0,55,2,1-3,27.5,0,0,24,6.87
Kathuria Anureet Singh,878,3,1191,42,3-12,28.35,0,0,20.9,8.13
Kedar Mahadeo Jadhav,60,0,88,4,2-23,22,0,0,15,8.8
Kemar Andre Jamal Roach,864,1,1138,27,3-18,42.14,0,0,32,7.9
Kevin Peter Pietersen,396,0,534,17,3-33,31.41,0,0,23.29,8.09
Kevon Keston Cooper,2821,5,3370,165,5-15,20.42,4,1,17.09,7.16
Khan Abdur Razzak,1594,7,1843,92,4-16,20.03,3,0,17.32,6.93
Kieron Adrian Pollard,3854,1,5151,219,4-15,23.52,4,0,17.59,8.01
Konda Bhaskar Arun Karthik,24,0,44,2,1-13,22,0,0,12,11
Konganda Charamanna Cariappa,204,0,287,11,2-14,26.09,0,0,18.54,8.44
Kotragada Prabhu Appanna,414,0,530,21,4-19,25.23,1,0,19.71,7.68
Krishankumar Dinesh Karthik,12,0,10,1,1-10,10,0,0,12,5
Krishmar Santokie,1988,6,2275,144,5-24,15.79,6,1,13.8,6.86
Krishnakant Rameshwar Upadhyay,421,1,545,20,3-25,27.25,0,0,21.05,7.76
Krunal Himashu Pandya,449,0,495,22,3-25,22.5,0,0,20.4,6.61
Kulasekara Mudiyanselage Dinesh Nuwan Kulasekara,2081,10,2495,111,4-12,22.47,3,0,18.74,7.19
Kuldeep Yadav,520,1,624,37,5-17,16.86,0,1,14.05,7.2
Kyle John Abbott,1905,6,2520,87,5-14,28.96,0,1,21.89,7.93
Lakshmipathy Balaji,2161,5,2797,126,5-24,22.19,5,1,17.15,7.76
Laxmi Ratan Shukla,976,3,1157,47,3-6,24.61,0,0,20.76,7.11
Lee Andrew Carseldine,84,0,113,7,2-13,16.14,0,0,12,8.07
Lendl Mark Platter Simmons,370,1,532,22,4-19,24.18,1,0,16.81,8.62
Lindamlilage Prageeth Chamara Silva,24,0,36,1,1-4,36,0,0,24,9
Lovesh Ablash,456,3,499,36,5-6,13.86,0,2,12.66,6.56
Luke James Wright,1799,1,2563,79,3-17,32.44,0,0,22.77,8.54
Luteru Ross Poutoa Lote Taylor,186,0,280,8,3-28,35,0,0,23.25,9.03
Magina Thilan Thushara Mirando,1066,1,1319,67,3-8,19.68,0,0,15.91,7.42
Mahendra Singh Dhoni,12,0,25,0,0-25,NA,NA,NA,NA,12.5
Makhaya Ntini,1263,3,1575,63,4-21,25,1,0,20.04,7.48
Mandeep Singh,195,0,193,13,3-21,14.84,0,0,15,5.93
Manish Krishnanand Pandey,168,0,212,10,4-27,21.2,2,0,16.8,7.57
Manoj Kumar Tiwary,318,0,422,16,3-19,26.37,0,0,19.87,7.96
Manpreet Singh Gony,1433,6,1829,69,4-16,26.5,1,0,20.76,7.65
Marchant de Lange,968,3,1414,53,4-23,26.67,2,0,18.26,8.76
Marcus Peter Stoinis,264,0,347,19,4-15,18.26,1,0,13.89,7.88
Marlon Nathaniel Samuels,1501,3,1761,66,3-10,26.68,0,0,22.74,7.03
Martin James Guptill,12,0,19,0,0-8,NA,NA,NA,NA,9.5
Mashrafe Bin Mortaza,2151,2,2774,84,4-19,33.02,1,0,25.6,7.73
Mayank Anurag Agarwal,6,0,8,0,0-8,NA,NA,NA,NA,8
Michael Edward Killeen Hussey,6,0,5,0,0-5,NA,NA,NA,NA,5
Michael Gertges Neser,576,1,830,32,3-24,25.93,0,0,18,8.64
Michael John Buchanan,12,0,24,1,1-24,24,0,0,12,12
Michael John Clarke,273,0,368,9,1-2,40.88,0,0,30.33,8.08
Michael John Lumb,36,0,65,3,3-32,21.66,0,0,12,10.83
Mitchell Aaron Starc,1860,3,2215,127,4-15,17.44,1,0,14.64,7.14
Mitchell Guy Johnson,1804,3,2360,94,3-15,25.1,0,0,19.19,7.84
Mitchell John McClenaghan,2169,5,2885,134,5-29,21.52,2,1,16.18,7.98
Mitchell Ross Marsh,695,1,943,37,4-6,25.48,2,0,18.78,8.14
Mithun Manhas,104,0,143,5,3-33,28.6,0,0,20.8,8.25
Mohamed Farveez Maharoof,1656,0,2029,88,3-21,23.05,0,0,18.81,7.35
Mohammad Ashraful,335,0,444,23,3-13,19.3,0,0,14.56,7.95
Mohammad Asif,832,1,1058,50,5-11,21.16,3,1,16.64,7.62
Mohammad Hafeez,2939,5,3056,135,4-10,22.63,3,0,21.77,6.23
Mohammad Imran Tahir,2862,4,3283,156,4-21,21.04,3,0,18.34,6.88
Mohammad Mustafizur Rahman,943,2,996,57,5-22,17.47,1,1,16.54,6.33
Mohammad Younis Khan,104,0,136,6,3-18,22.66,0,0,17.33,7.84
Mohammed Shami,1053,2,1376,60,4-24,22.93,1,0,17.55,7.84
Mohit Sharma,1584,0,2121,87,4-14,24.37,2,0,18.2,8.03
Mohnish Bipinbhai Parmar,138,0,196,4,2-27,49,0,0,34.5,8.52
Moises Constantino Henriques,2072,0,2805,101,3-11,27.77,0,0,20.51,8.12
Morne Morkel,3526,12,4366,174,4-17,25.09,4,0,20.26,7.42
Munaf Musa Patel,2039,9,2325,100,5-21,23.25,2,1,20.39,6.84
Murali Kartik,3069,1,3450,110,5-13,31.36,0,1,27.9,6.74
Murali Vijay,60,0,68,0,0-2,NA,NA,NA,NA,6.8
Murugan Ashwin,309,0,368,17,3-18,21.64,0,0,18.17,7.14
Musavir Asmat Khote,132,0,187,6,2-29,31.16,0,0,22,8.5
Muttiah Muralitharan,3705,5,3945,179,4-16,22.03,3,0,20.69,6.38
Narangoda Liyanaarachchilage Tissara Chirantha Perera,2878,4,4015,155,5-26,25.9,0,1,18.56,8.37
Nathan John Rimmington,1548,1,2026,82,5-27,24.7,1,1,18.87,7.85
Nathan Leslie McCullum,3162,3,3784,157,4-16,24.1,4,0,20.14,7.18
Nathan Mitchell Coulter-Nile,1634,2,2110,88,4-20,23.97,2,0,18.56,7.74
Nayan Dilip Doshi,1008,1,1143,68,4-22,16.8,4,0,14.82,6.8
Niraj Kanubhai Patel,222,0,321,11,4-29,29.18,1,0,20.18,8.67
Nitish Rana,36,0,61,1,1-10,61,0,0,36,10.16
Owais Alam Shah,57,0,78,5,2-26,15.6,0,0,11.4,8.21
Padmanabhan Prasanth,955,1,953,63,4-13,15.12,1,0,15.15,5.98
Paidikalva David Vijaykumar,342,0,466,10,2-16,46.6,0,0,34.2,8.17
Palani Amarnath,318,1,488,19,2-25,25.68,0,0,16.73,9.2
Pankaj Singh,845,3,1073,33,3-29,32.51,0,0,25.6,7.61
Pardeep Sahu,129,0,165,4,2-18,41.25,0,0,32.25,7.67
Parvez Rasool Zarghav,810,0,930,27,3-17,34.44,0,0,30,6.88
Parvinder Awana,1359,3,1723,77,4-30,22.37,2,0,17.64,7.6
Patangay Manikrao Sarvesh Kumar,30,0,42,1,1-18,42,0,0,30,8.4
Patrick James Cummins,1093,6,1389,57,4-16,24.36,2,0,19.17,7.62
Paul Chandrasekhar Valthaty,247,0,342,11,4-29,31.09,1,0,22.45,8.3
Paul David Collingwood,1372,0,1622,81,5-6,20.02,3,2,16.93,7.09
Pawan Negi,1049,2,1309,48,5-22,27.27,1,1,21.85,7.48
Pawan Suyal,353,1,467,12,2-15,38.91,0,0,29.41,7.93
Piyush Pramod Chawla,3684,4,4532,182,4-17,24.9,3,0,20.24,7.38
Pradeep Sangwan,1300,2,1639,61,3-13,26.86,0,0,21.31,7.56
Pragyan Prayish Ojha,2771,2,3297,148,4-15,22.27,3,0,18.72,7.13
Prasanth Parameswaran,707,0,913,33,3-25,27.66,0,0,21.42,7.74
Praveenkumar Sakat Singh,3423,19,4235,130,3-18,32.57,0,0,26.33,7.42
Pravin Vijay Tambe,1140,0,1336,59,4-15,22.64,2,0,19.32,7.03
Rahil Akhilahmed Shaikh,6,0,11,0,0-11,NA,NA,NA,NA,11
Rahul Artiprasad Shukla,529,2,725,24,4-27,30.2,2,0,22.04,8.22
Rahul Sharma,1590,3,1886,80,5-23,23.57,2,1,19.87,7.11
Rahul Tewatia,72,0,90,3,1-17,30,0,0,24,7.5
Raiphi Vincent Gomez,552,1,725,17,2-14,42.64,0,0,32.47,7.88
Rajagopal Sathish,487,1,587,20,3-12,29.35,0,0,24.35,7.23
Rajat Bhatia,2364,1,2828,103,4-15,27.45,1,0,22.95,7.17
Rajesh Kinyaram Bishnoi,6,0,10,0,0-10,NA,NA,NA,NA,10
Rajesh Vithal Pawar,132,0,179,6,2-21,29.83,0,0,22,8.13
Raju Ravi Bhatkal,297,0,379,17,3-8,22.29,0,0,17.47,7.65
Ramesh Rajaram Powar,450,0,562,14,2-11,40.14,0,0,32.14,7.49
Ramnaresh Ronnie Sarwan,18,0,22,2,2-10,11,0,0,9,7.33
Ramsawamy Shreyas Gopal,217,0,284,12,2-15,23.66,0,0,18.08,7.85
Ranadeb Ranjit Bose,234,0,334,11,4-40,30.36,1,0,21.27,8.56
Ranganath Vinay Kumar,3028,2,3993,155,4-40,25.76,1,0,19.53,7.91
Ravichandran Ashwin,4150,7,4665,200,4-8,23.32,4,0,20.75,6.74
Ravinder Singh Bopara,3262,1,3996,165,6-16,24.21,2,1,19.76,7.35
Ravindranath Rampaul,2446,10,2994,145,5-9,20.64,7,1,16.86,7.34
Ravindrasinh Anirudhsinh Jadeja,2777,3,3550,119,5-16,29.83,3,1,23.33,7.67
Raymond William Price,1464,7,1561,58,5-12,26.91,0,1,25.24,6.39
Reetinder Singh Sodhi,96,0,126,5,3-23,25.2,0,0,19.2,7.87
Ricky Thomas Ponting,12,0,23,1,1-11,23,0,0,12,11.5
Rishi Dhawan,1270,2,1567,50,3-13,31.34,0,0,25.4,7.4
Robert John Quiney,6,0,13,0,0-13,NA,NA,NA,NA,13
Robin John Peterson,2630,7,3110,122,3-13,25.49,0,0,21.55,7.09
Robin Venu Uthappa,6,0,11,0,0-11,NA,NA,NA,NA,11
Roelof Erasmus van der Merwe,2934,3,3454,142,3-16,24.32,0,0,20.66,7.06
Rohan Ravindra Raje,511,1,667,30,3-15,22.23,0,0,17.03,7.83
Rohan Sunil Gavaskar,87,0,112,3,1-16,37.33,0,0,29,7.72
Rohit Gurunath Sharma,628,0,817,29,4-6,28.17,1,0,21.65,7.8
Ronit Gajanan More,209,2,267,6,2-1,44.5,0,0,34.83,7.66
Rudra Pratap Singh,2903,4,3638,146,5-8,24.91,3,1,19.88,7.51
Rujul Haren Bhatt,329,0,391,13,3-15,30.07,0,0,25.3,7.13
Ryan James Harris,1419,4,1750,81,4-34,21.6,1,0,17.51,7.39
Ryan McLaren,3027,4,3996,140,5-19,28.54,2,1,21.62,7.92
Ryan Neil ten Doeschate,2011,1,2704,104,4-24,26,1,0,19.33,8.06
Ryan Ninan,36,0,65,3,2-31,21.66,0,0,12,10.83
Sachin Baby,94,0,133,3,2-4,44.33,0,0,31.33,8.48
Sachin Ramesh Tendulkar,93,0,123,2,1-12,61.5,0,0,46.5,7.93
Sachin Rana,357,0,403,20,3-22,20.15,0,0,17.85,6.77
Sahibzada Mohammad Shahid Khan Afridi,4842,9,5365,240,5-7,22.35,4,2,20.17,6.64
Salman Butt,108,0,141,5,2-25,28.2,0,0,21.6,7.83
Samuel Badree,3135,18,2933,146,5-22,20.08,1,1,21.47,5.61
Sanath Teran Jayasuriya,1593,1,1983,77,4-24,25.75,1,0,20.68,7.46
Sandeep Sharma,1268,9,1558,70,4-25,22.25,1,0,18.11,7.37
Sanjay Bapusaheb Bangar,578,1,709,31,5-16,22.87,0,1,18.64,7.35
Sanju Viswanath Samson,3,0,4,1,1-4,4,0,0,3,8
Sarabjit Singh Ladda,234,0,328,10,3-30,32.8,0,0,23.4,8.41
Saurabh Sushant Bandekar,568,0,744,38,4-25,19.57,2,0,14.94,7.85
Sayed Iqbal Abdulla,1599,2,1832,76,5-10,24.1,1,1,21.03,6.87
Scott Bernard Styris,2963,2,3637,125,3-5,29.09,0,0,23.7,7.36
Scott Michael Boland,396,0,530,21,3-26,25.23,0,0,18.85,8.03
Sean Anthony Abbott,703,0,1035,36,3-8,28.75,0,0,19.52,8.83
Senanayake Mudiyanselage Sachithra Madhushanka Senanayake,1912,6,2036,97,4-26,20.98,2,0,19.71,6.38
Separamadu Lasith Malinga Swarnajith,4835,13,5393,299,6-7,18.03,8,4,16.17,6.69
Shadab Bashir Jakati,1572,1,1971,70,5-17,28.15,2,1,22.45,7.52
Shahbaz Nadeem,1812,4,1991,70,3-16,28.44,0,0,25.88,6.59
Shakib Al Hasan,4419,9,4973,242,6-6,20.54,6,2,18.26,6.75
Shalabh Jagdishprasad Srivastava,452,0,653,20,3-29,32.65,0,0,22.6,8.66
Shane Edward Bond,939,4,1109,51,4-19,21.74,1,0,18.41,7.08
Shane Keith Warne,1548,1,1863,70,4-21,26.61,1,0,22.11,7.22
Shane Michael Harwood,845,0,1080,48,3-13,22.5,0,0,17.6,7.66
Shane Robert Watson,3490,5,4471,172,4-15,25.99,2,0,20.29,7.68
Shanthakumaran Sreesanth,1192,6,1639,50,3-29,32.78,0,0,23.84,8.25
Shardul Narendra Thakur,262,0,340,16,2-11,21.25,0,0,16.37,7.78
Shaun Edward Marsh,12,0,13,0,0-2,NA,NA,NA,NA,6.5
Shaun Maclean Pollock,937,4,996,45,3-12,22.13,0,0,20.82,6.37
Shaun William Tait,3600,7,4737,214,5-32,22.13,3,1,16.82,7.89
Shikhar Dhawan,48,0,66,4,1-7,16.5,0,0,12,8.25
Shivam Sharma,163,0,215,9,3-7,23.88,0,0,18.11,7.91
Shivil Kaushik,138,0,192,6,3-20,32,0,0,23,8.34
Shoaib Akhtar,804,5,978,44,5-23,22.22,2,1,18.27,7.29
Shoaib Malik,2486,6,2916,114,5-13,25.57,1,2,21.8,7.03
Shoaib Shabbir Shaikh,84,0,141,4,3-27,35.25,0,0,21,10.07
Shrikant Bhaskar Wagh,629,1,792,39,4-26,20.3,1,0,16.12,7.55
Shrikant Shrihari Mundhe,463,1,626,26,3-22,24.07,0,0,17.8,8.11
Siddharth Dilip Chitnis,72,0,114,4,2-40,28.5,0,0,18,9.5
Siddharth Kaul,864,2,942,47,4-14,20.04,1,0,18.38,6.54
Siddharth Kishorkumar Trivedi,2103,3,2692,103,4-25,26.13,3,0,20.41,7.68
Simon Mathew Katich,18,0,29,0,0-4,NA,NA,NA,NA,9.66
Sohail Tanvir,4892,8,5903,238,6-14,24.8,4,1,20.55,7.23
Sourav Chandidas Ganguly,573,1,756,29,3-27,26.06,0,0,19.75,7.91
Sourav Subrata Sarkar,79,0,127,2,1-15,63.5,0,0,39.5,9.64
Sreenath Aravind,1211,0,1576,72,4-14,21.88,3,0,16.81,7.8
Sridharan Sriram,168,0,227,4,1-19,56.75,0,0,42,8.1
Steven Peter Devereux Smith,785,1,992,51,4-13,19.45,2,0,15.39,7.58
Stuart Terence Roger Binny,1033,1,1299,47,4-14,27.63,1,0,21.97,7.54
Subramaniam Badrinath,18,0,22,1,1-16,22,0,0,18,7.33
Sudeep Tyagi,364,1,480,16,4-45,30,1,0,22.75,7.91
Sumit Narwal,643,4,824,27,3-15,30.51,0,0,23.81,7.68
Sunil Bandacharya Joshi,283,0,338,13,2-11,26,0,0,21.76,7.16
Sunil Philip Narine,4478,17,4245,241,5-19,17.61,10,1,18.58,5.68
Sunny Suresh Gupta,254,0,287,8,2-15,35.87,0,0,31.75,6.77
Suresh Kumar Raina,1305,0,1553,50,4-26,31.06,1,0,26.1,7.14
Suryakumar Ashok Yadav,132,0,140,6,2-11,23.33,0,0,22,6.36
Swapnil Kamlesh Singh,432,0,509,28,6-19,18.17,0,1,15.42,7.06
Syed Mohammad Shoaib Ahmed,102,0,152,5,2-20,30.4,0,0,20.4,8.94
Tabraiz Shamsi,1195,1,1436,57,4-10,25.19,2,0,20.96,7.21
Taduri Prakashchandra Sudhindra,637,3,717,35,5-30,20.48,1,1,18.2,6.75
Tanmay Manoj Srivastava,24,0,26,0,0-13,NA,NA,NA,NA,6.5
Tanmay Mishra,42,0,58,3,3-25,19.33,0,0,14,8.28
Taruwar Kohli,191,0,217,9,2-20,24.11,0,0,21.22,6.81
Tatenda Taibu,24,0,41,0,0-20,NA,NA,NA,NA,10.25
Tillakaratne Mudiyanselage Dilshan,1564,1,1892,64,3-16,29.56,0,0,24.43,7.25
Timil Kaushik Patel,134,0,141,10,3-13,14.1,0,0,13.4,6.31
Timothy Grant Southee,2591,7,3532,135,6-16,26.16,0,2,19.19,8.17
Tirumalasetti Laxminarayana Suman,426,0,563,17,2-14,33.11,0,0,25.05,7.92
Travis Michael Head,109,0,160,6,3-16,26.66,0,0,18.16,8.8
Trent Alexander Boult,1083,3,1434,52,3-19,27.57,0,0,20.82,7.94
Tyron Henderson,1824,6,2195,93,4-29,23.6,1,0,19.61,7.22
Udit Alok Birla,6,0,24,0,0-24,NA,NA,NA,NA,24
Umar Gul,2932,10,3602,188,5-6,19.15,8,2,15.59,7.37
Umeshkumar Tilak Yadav,1989,5,2711,92,5-18,29.46,1,1,21.61,8.17
Varun Raymond Aaron,970,2,1327,40,3-16,33.17,0,0,24.25,8.2
Veer Pratap Singh,300,1,417,14,2-19,29.78,0,0,21.42,8.34
Vidyut Sivaramakrishnan,210,0,242,14,4-24,17.28,1,0,15,6.91
Vijay Shankar,201,0,299,8,2-12,37.37,0,0,25.12,8.92
Vijaykumar Yo Mahesh,929,2,1196,52,4-23,23,2,0,17.86,7.72
Vikram Rajvir Singh,667,0,886,31,4-24,28.58,1,0,21.51,7.97
Vikramjeet Malik,827,3,1012,44,3-18,23,0,0,18.79,7.34
Vikrant Shyam Yeligati,78,0,109,2,2-23,54.5,0,0,39,8.38
Virat Kohli,454,0,661,8,2-25,82.62,0,0,56.75,8.73
Virender Sehwag,358,0,496,22,3-14,22.54,0,0,16.27,8.31
Visvajitsinh Dilipsinh Solanki,153,0,164,6,2-26,27.33,0,0,25.5,6.43
Warnakulasuriya Patabendige Ushantha Joseph Chaminda Vaas,1131,5,1278,64,3-16,19.96,0,0,17.67,6.77
Wayne Dillon Parnell,2912,7,3646,146,4-13,24.97,3,0,19.94,7.51
Wilkin Arvind Mota,249,1,298,11,3-29,27.09,0,0,22.63,7.18
Yalaka Gnaneswara Rao,114,0,162,1,1-18,162,0,0,114,8.52
Yalaka Venugopal Rao,306,0,448,8,2-23,56,0,0,38.25,8.78
Yashpal Singh,218,1,249,9,3-26,27.66,0,0,24.22,6.85
Yogesh Nagar,285,0,350,21,3-13,16.66,0,0,13.57,7.36
Yusuf Adam Abdulla,1187,4,1248,63,4-31,19.8,2,0,18.84,6.3
Yusuf Khan Pathan,2121,1,2708,94,4-10,28.8,2,0,22.56,7.66
Yuvraj Singh,1501,0,1816,79,4-29,22.98,2,0,19,7.25
Yuzvendra Singh Chahal,1657,3,2021,85,4-25,23.77,1,0,19.49,7.31
Zaheer Khan,2803,5,3489,129,4-17,27.04,2,0,21.72,7.46
